{
  "cluster_evaluation": {
    "2": {
      "inertia": 0.8073898513241442,
      "silhouette_score": 0.604619122765969,
      "davies_bouldin_score": 0.5494173170700485
    },
    "3": {
      "inertia": 0.4225727165247569,
      "silhouette_score": 0.6183340446144207,
      "davies_bouldin_score": 0.477883935294056
    },
    "4": {
      "inertia": 0.20611139830688924,
      "silhouette_score": 0.6059539163390742,
      "davies_bouldin_score": 0.43662244194367755
    },
    "5": {
      "inertia": 0.13396330174822832,
      "silhouette_score": 0.5682106941340382,
      "davies_bouldin_score": 0.4656368270585389
    },
    "6": {
      "inertia": 0.10358226755059813,
      "silhouette_score": 0.5112807648363807,
      "davies_bouldin_score": 0.5379590887791244
    },
    "7": {
      "inertia": 0.07450775758111301,
      "silhouette_score": 0.517715010111591,
      "davies_bouldin_score": 0.46526047687695327
    },
    "8": {
      "inertia": 0.04966790854248332,
      "silhouette_score": 0.5578124401636361,
      "davies_bouldin_score": 0.4457301572319474
    }
  },
  "optimal_clusters": {
    "davies_bouldin": 4,
    "silhouette": 3
  },
  "best_scores": {
    "min_davies_bouldin": 0.43662244194367755,
    "max_silhouette": 0.6183340446144207
  }
}